<?xml version="1.0" encoding="utf-8"?>
<ApplicationInstallerManifest>
   <DefaultInstallationDirectory>/Applications/NanoLocz_PreRelease/</DefaultInstallationDirectory>
   <ApplicationName>NanoLocz_PreRelease</ApplicationName>
   <ExecutableName>application/NanoLocz_PreRelease.exe</ExecutableName>
   <GUID>ab29ae7a-6479-4a50-a8b8-76a27830458c</GUID>
   <ApplicationIcon>icon_48.png</ApplicationIcon>
   <Logo>logo5993973594808543850.png</Logo>
   <Version>1.01</Version>
   <AuthorOrganization>University of Leeds</AuthorOrganization>
   <WelcomePanelText>NanoLocz_PreRelease 1.01
George Heath
g.r.heath@leeds.ac.uk</WelcomePanelText>
   <MCRProducts>
      <MCRProduct>
         <ExternalProductIdentifier>35000</ExternalProductIdentifier>
      </MCRProduct>
      <MCRProduct>
         <ExternalProductIdentifier>35002</ExternalProductIdentifier>
      </MCRProduct>
      <MCRProduct>
         <ExternalProductIdentifier>35003</ExternalProductIdentifier>
      </MCRProduct>
      <MCRProduct>
         <ExternalProductIdentifier>35010</ExternalProductIdentifier>
      </MCRProduct>
      <MCRProduct>
         <ExternalProductIdentifier>35108</ExternalProductIdentifier>
      </MCRProduct>
      <MCRProduct>
         <ExternalProductIdentifier>35117</ExternalProductIdentifier>
      </MCRProduct>
      <MCRProduct>
         <ExternalProductIdentifier>35119</ExternalProductIdentifier>
      </MCRProduct>
      <MCRProduct>
         <ExternalProductIdentifier>35160</ExternalProductIdentifier>
      </MCRProduct>
      <MCRProduct>
         <ExternalProductIdentifier>35180</ExternalProductIdentifier>
      </MCRProduct>
   </MCRProducts>
</ApplicationInstallerManifest>