<?xml version="1.0" encoding="utf-8"?>
<ApplicationInstallerManifest>
   <DefaultInstallationDirectory>/Applications/NanoLocz</DefaultInstallationDirectory>
   <ApplicationName>NanoLocz_PreRelease</ApplicationName>
   <ExecutableName>application/NanoLocz_PreRelease.exe</ExecutableName>
   <GUID>f688f44f-a4bd-48b3-9cde-df1966d45471</GUID>
   <ApplicationIcon>icon_48.png</ApplicationIcon>
   <Logo>logo2040273264536174276.png</Logo>
   <Version>1.00</Version>
   <AuthorOrganization>University of Leeds</AuthorOrganization>
   <WelcomePanelText>NanoLocz_PreRelease 1.00
George Heath
g.r.heath@leeds.ac.uk</WelcomePanelText>
   <MCRProducts>
      <MCRProduct>
         <ExternalProductIdentifier>35000</ExternalProductIdentifier>
      </MCRProduct>
      <MCRProduct>
         <ExternalProductIdentifier>35002</ExternalProductIdentifier>
      </MCRProduct>
      <MCRProduct>
         <ExternalProductIdentifier>35003</ExternalProductIdentifier>
      </MCRProduct>
      <MCRProduct>
         <ExternalProductIdentifier>35010</ExternalProductIdentifier>
      </MCRProduct>
      <MCRProduct>
         <ExternalProductIdentifier>35108</ExternalProductIdentifier>
      </MCRProduct>
      <MCRProduct>
         <ExternalProductIdentifier>35117</ExternalProductIdentifier>
      </MCRProduct>
      <MCRProduct>
         <ExternalProductIdentifier>35119</ExternalProductIdentifier>
      </MCRProduct>
      <MCRProduct>
         <ExternalProductIdentifier>35160</ExternalProductIdentifier>
      </MCRProduct>
      <MCRProduct>
         <ExternalProductIdentifier>35180</ExternalProductIdentifier>
      </MCRProduct>
   </MCRProducts>
</ApplicationInstallerManifest>