url_path,views_total,views_unique
/George-R-Heath/NanoLocz,29,16
/George-R-Heath/NanoLocz/releases/tag/v1.4.2,24,16
/George-R-Heath/NanoLocz/releases,23,12
/George-R-Heath/NanoLocz/tree/main,3,1
/George-R-Heath/NanoLocz/issues,2,2
/George-R-Heath/NanoLocz/tree/main/Matlab app files,2,2
/George-R-Heath/NanoLocz/blob/github-repo-stats/George-R-Heath/NanoLocz/latest-report/report.pdf,2,1
/George-R-Heath/NanoLocz/tree/main/.github/workflows,2,1
/George-R-Heath/NanoLocz/tree/main/Mat_SimAFM,2,1
/George-R-Heath/NanoLocz/tree/main/docs,2,1
